INSERT OR IGNORE INTO sys_user (username, password, role_code, phone, enabled, create_time) VALUES
('admin', '$2a$10$rD3Z7FWH4fID9VxQxQv1HOYb6qLp0L3M7D4E9F3H5I6J7K8L9M0N', 'admin', '13800138000', 1, datetime('now')),
('student001', '$2a$10$rD3Z7FWH4fID9VxQxQv1HOYb6qLp0L3M7D4E9F3H5I6J7K8L9M0N', 'owner', '13900139001', 1, datetime('now')),
('caregiver001', '$2a$10$rD3Z7FWH4fID9VxQxQv1HOYb6qLp0L3M7D4E9F3H5I6J7K8L9M0N', 'caregiver', '13900139002', 1, datetime('now')),
('student002', '$2a$10$rD3Z7FWH4fID9VxQxQv1HOYb6qLp0L3M7D4E9F3H5I6J7K8L9M0N', 'owner', '13900139003', 1, datetime('now', '-60 days')),
('student003', '$2a$10$rD3Z7FWH4fID9VxQxQv1HOYb6qLp0L3M7D4E9F3H5I6J7K8L9M0N', 'owner', '13900139004', 1, datetime('now', '-58 days')),
('student004', '$2a$10$rD3Z7FWH4fID9VxQxQv1HOYb6qLp0L3M7D4E9F3H5I6J7K8L9M0N', 'owner', '13900139005', 1, datetime('now', '-55 days')),
('student005', '$2a$10$rD3Z7FWH4fID9VxQxQv1HOYb6qLp0L3M7D4E9F3H5I6J7K8L9M0N', 'owner', '13900139006', 1, datetime('now', '-52 days')),
('student006', '$2a$10$rD3Z7FWH4fID9VxQxQv1HOYb6qLp0L3M7D4E9F3H5I6J7K8L9M0N', 'owner', '13900139007', 1, datetime('now', '-50 days')),
('student007', '$2a$10$rD3Z7FWH4fID9VxQxQv1HOYb6qLp0L3M7D4E9F3H5I6J7K8L9M0N', 'owner', '13900139008', 1, datetime('now', '-48 days')),
('student008', '$2a$10$rD3Z7FWH4fID9VxQxQv1HOYb6qLp0L3M7D4E9F3H5I6J7K8L9M0N', 'owner', '13900139009', 1, datetime('now', '-45 days')),
('caregiver002', '$2a$10$rD3Z7FWH4fID9VxQxQv1HOYb6qLp0L3M7D4E9F3H5I6J7K8L9M0N', 'caregiver', '13800138003', 1, datetime('now', '-50 days')),
('caregiver003', '$2a$10$rD3Z7FWH4fID9VxQxQv1HOYb6qLp0L3M7D4E9F3H5I6J7K8L9M0N', 'caregiver', '13800138004', 1, datetime('now', '-45 days')),
('caregiver004', '$2a$10$rD3Z7FWH4fID9VxQxQv1HOYb6qLp0L3M7D4E9F3H5I6J7K8L9M0N', 'caregiver', '13800138005', 1, datetime('now', '-40 days')),
('caregiver005', '$2a$10$rD3Z7FWH4fID9VxQxQv1HOYb6qLp0L3M7D4E9F3H5I6J7K8L9M0N', 'caregiver', '13800138006', 1, datetime('now', '-35 days'));

INSERT OR IGNORE INTO pet_owner_profile (user_id, student_no, name, school, major, dorm, contact_phone) VALUES
(2, '2024001', '张三', 'XX大学', '计算机科学与技术', '男生宿舍1号楼301', '13900139001'),
(4, '2024002', '李四', 'XX大学', '软件工程', '男生宿舍2号楼402', '13900139003'),
(5, '2024003', '王五', 'XX大学', '人工智能', '男生宿舍3号楼105', '13900139004'),
(6, '2024004', '赵六', 'XX大学', '电子信息', '女生宿舍1号楼203', '13900139005'),
(7, '2024005', '钱七', 'XX大学', '通信工程', '女生宿舍2号楼501', '13900139006'),
(8, '2024006', '孙八', 'XX大学', '自动化', '男生宿舍1号楼602', '13900139007'),
(9, '2024007', '周九', 'XX大学', '机械工程', '男生宿舍2号楼304', '13900139008'),
(10, '2024008', '吴十', 'XX大学', '材料科学', '女生宿舍3号楼102', '13900139009');

INSERT OR IGNORE INTO pet_caregiver_profile (user_id, name, address, distance_to_school_km, phone, experience_years, has_own_pets, care_types, bio, avg_rating, total_care_count) VALUES
(3, '李阿姨', 'XX小区3号楼201室', 1.5, '13900139002', 5, 1, '["cat","dog"]', '喜欢小动物，有多年养猫经验', 4.8, 12),
(11, '王阿姨', '幸福小区5号楼302室', 2.0, '13800138003', 3, 1, '["cat"]', '热情开朗，家里有两只猫', 4.6, 8),
(12, '张叔叔', '阳光花园2号楼101室', 2.5, '13800138004', 8, 1, '["dog"]', '退伍军人，责任心强', 4.9, 20),
(13, '陈阿姨', '锦绣家园6号楼401室', 3.0, '13800138005', 4, 1, '["cat","rabbit"]', '退休教师，耐心细致', 4.7, 15),
(14, '刘阿姨', '明珠小区1号楼502室', 1.8, '13800138006', 6, 1, '["dog","cat"]', '专业宠物护理员', 4.8, 25);

INSERT OR IGNORE INTO pet (owner_id, pet_name, species, breed, gender, age, health_note, diet_note, vaccine_status, deworm_status) VALUES
(2, '咪咪', 'cat', '英短', 'female', 2, '身体健康，性格温顺', '每天喂食两次', '已完成疫苗接种', '已驱虫'),
(4, '旺财', 'dog', '金毛', 'male', 3, '活泼好动', '每天遛弯两次', '已完成疫苗接种', '已驱虫'),
(4, '花花', 'cat', '布偶', 'female', 1, '漂亮温顺', '喜欢吃猫粮', '已完成疫苗接种', '已驱虫'),
(5, '小黑', 'dog', '泰迪', 'male', 2, '聪明可爱', '小型犬专用粮', '已完成疫苗接种', '已驱虫'),
(5, '小白', 'rabbit', '垂耳兔', 'female', 1, '毛茸茸', '兔粮和干草', '已完成疫苗接种', '已驱虫'),
(6, '橘子', 'cat', '橘猫', 'male', 4, '胖嘟嘟', '爱吃爱睡', '已完成疫苗接种', '已驱虫'),
(6, '布丁', 'cat', '暹罗', 'female', 2, '话痨猫', '喜欢互动', '已完成疫苗接种', '已驱虫'),
(7, '可乐', 'dog', '哈士奇', 'male', 2, '精力旺盛', '需要大量运动', '已完成疫苗接种', '已驱虫'),
(7, '薯条', 'cat', '美短', 'male', 1, '活泼好动', '喜欢玩玩具', '已完成疫苗接种', '已驱虫'),
(8, '雪球', 'cat', '波斯', 'female', 3, '高贵优雅', '长毛需要梳理', '已完成疫苗接种', '已驱虫'),
(8, '虎斑', 'cat', '狸花猫', 'male', 2, '聪明伶俐', '适应能力强', '已完成疫苗接种', '已驱虫'),
(9, '豆豆', 'dog', '柯基', 'female', 1, '短腿萌犬', '性格活泼', '已完成疫苗接种', '已驱虫'),
(9, '团团', 'rabbit', '荷兰兔', 'male', 1, '圆圆的', '草食动物', '已完成疫苗接种', '已驱虫'),
(10, '芒果', 'cat', '加菲', 'male', 2, '扁脸萌猫', '容易流泪', '已完成疫苗接种', '已驱虫'),
(10, '西瓜', 'dog', '柴犬', 'female', 2, '表情包达人', '性格忠诚', '已完成疫苗接种', '已驱虫');

INSERT OR IGNORE INTO foster_location (caregiver_id, location_name, address, distance_km, capacity, accepted_species, care_period, cost_desc, available) VALUES
(3, '李阿姨家', 'XX小区3号楼201室', 1.5, 3, '["cat","dog"]', '全天', '免费', 1),
(11, '王阿姨猫舍', '幸福小区5号楼302室', 2.0, 2, '["cat"]', '全天', '20元/天', 1),
(12, '张叔叔狗窝', '阳光花园2号楼101室', 2.5, 4, '["dog"]', '全天', '30元/天', 1),
(13, '陈阿姨宠物之家', '锦绣家园6号楼401室', 3.0, 3, '["cat","rabbit"]', '全天', '15元/天', 1),
(14, '刘阿姨宠物店', '明珠小区1号楼502室', 1.8, 5, '["dog","cat"]', '全天', '25元/天', 1);

INSERT OR IGNORE INTO foster_application (pet_id, location_id, caregiver_id, owner_id, start_time, expected_end_time, actual_start_time, actual_end_time, care_note, emergency_contact, status, rating, review_text, create_time) VALUES
(1, 1, 3, 2, datetime('now', '-14 days'), datetime('now', '-7 days'), datetime('now', '-14 days'), datetime('now', '-7 days'), '每天喂两次', '13900139001', 'completed', 5, '照顾得很好', datetime('now', '-15 days')),
(2, 3, 12, 4, datetime('now', '-10 days'), datetime('now', '-3 days'), datetime('now', '-10 days'), datetime('now', '-3 days'), '每天遛弯', '13900139003', 'completed', 5, '狗狗玩得开心', datetime('now', '-11 days')),
(3, 2, 11, 4, datetime('now', '-7 days'), datetime('now'), datetime('now', '-7 days'), NULL, '性格温顺', '13900139003', 'fostering', NULL, NULL, datetime('now', '-8 days')),
(4, 3, 12, 5, datetime('now', '-5 days'), datetime('now', '+2 days'), datetime('now', '-5 days'), NULL, '按时喂药', '13900139004', 'fostering', NULL, NULL, datetime('now', '-6 days')),
(5, 4, 13, 5, datetime('now', '-3 days'), datetime('now', '+4 days'), datetime('now', '-3 days'), NULL, '草食动物', '13900139004', 'fostering', NULL, NULL, datetime('now', '-4 days')),
(6, 1, 3, 6, datetime('now', '-2 days'), datetime('now', '+5 days'), NULL, NULL, '不要喂太多', '13900139005', 'pending', NULL, NULL, datetime('now', '-3 days')),
(7, 2, 11, 6, datetime('now', '-1 days'), datetime('now', '+6 days'), NULL, NULL, '喜欢互动', '13900139005', 'pending', NULL, NULL, datetime('now', '-2 days')),
(8, 3, 12, 7, datetime('now'), datetime('now', '+7 days'), NULL, NULL, '多运动', '13900139006', 'pending', NULL, NULL, datetime('now', '-1 days')),
(9, 5, 14, 7, datetime('now', '+1 days'), datetime('now', '+8 days'), NULL, NULL, '活泼好动', '13900139006', 'pending', NULL, NULL, datetime('now')),
(10, 2, 11, 8, datetime('now', '+2 days'), datetime('now', '+9 days'), NULL, NULL, '长毛梳理', '13900139008', 'pending', NULL, NULL, datetime('now')),
(11, 2, 11, 8, datetime('now', '-15 days'), datetime('now', '-8 days'), datetime('now', '-15 days'), datetime('now', '-8 days'), '聪明伶俐', '13900139008', 'completed', 4, '还不错', datetime('now', '-16 days')),
(12, 3, 12, 9, datetime('now', '-12 days'), datetime('now', '-5 days'), datetime('now', '-12 days'), datetime('now', '-5 days'), '短腿萌犬', '13900139009', 'completed', 5, '非常满意', datetime('now', '-13 days')),
(13, 4, 13, 9, datetime('now', '-9 days'), datetime('now', '-2 days'), datetime('now', '-9 days'), datetime('now', '-2 days'), '圆圆的', '13900139009', 'completed', 5, '很好', datetime('now', '-10 days')),
(14, 5, 14, 10, datetime('now', '-6 days'), datetime('now', '+1 days'), datetime('now', '-6 days'), NULL, '容易流泪', '13900139010', 'fostering', NULL, NULL, datetime('now', '-7 days')),
(15, 3, 12, 10, datetime('now', '-4 days'), datetime('now', '+3 days'), datetime('now', '-4 days'), NULL, '表情包达人', '13900139010', 'fostering', NULL, NULL, datetime('now', '-5 days'));

INSERT OR IGNORE INTO care_diary (application_id, caregiver_id, diary_date, content) VALUES
(1, 3, date('now', '-14 days'), '咪咪今天很乖'),
(1, 3, date('now', '-13 days'), '带咪咪晒太阳'),
(1, 3, date('now', '-12 days'), '咪咪玩玩具'),
(1, 3, date('now', '-11 days'), '给咪咪梳毛'),
(1, 3, date('now', '-10 days'), '咪咪睡得香'),
(2, 12, date('now', '-10 days'), '旺财很兴奋'),
(2, 12, date('now', '-9 days'), '旺财和邻居狗玩'),
(2, 12, date('now', '-8 days'), '给旺财洗澡'),
(3, 11, date('now', '-7 days'), '花花刚来怕生'),
(3, 11, date('now', '-6 days'), '花花已适应'),
(3, 11, date('now', '-5 days'), '花花很粘人'),
(3, 11, date('now', '-4 days'), '给花花拍照'),
(3, 11, date('now', '-3 days'), '花花睡得香'),
(4, 12, date('now', '-5 days'), '小黑很聪明'),
(4, 12, date('now', '-4 days'), '小黑学会新技能'),
(4, 12, date('now', '-3 days'), '小黑很活泼'),
(5, 13, date('now', '-3 days'), '小白很可爱'),
(5, 13, date('now', '-2 days'), '小白吃了很多草'),
(5, 13, date('now', '-1 days'), '小白蹦蹦跳跳'),
(14, 14, date('now', '-6 days'), '芒果刚来'),
(14, 14, date('now', '-5 days'), '芒果很乖'),
(14, 14, date('now', '-4 days'), '芒果喜欢被抱'),
(14, 14, date('now', '-3 days'), '给芒果梳毛'),
(14, 14, date('now', '-2 days'), '芒果睡得香'),
(14, 14, date('now', '-1 days'), '芒果很开心'),
(15, 12, date('now', '-4 days'), '西瓜很活泼'),
(15, 12, date('now', '-3 days'), '西瓜喜欢玩球'),
(15, 12, date('now', '-2 days'), '西瓜跑得很快'),
(15, 12, date('now', '-1 days'), '西瓜很可爱');

INSERT OR IGNORE INTO handover_record (application_id, handover_type, handover_time, from_person, to_person, remark) VALUES
(1, 'pickup', datetime('now', '-14 days'), '张三', '李阿姨', '状态良好'),
(1, 'return', datetime('now', '-7 days'), '李阿姨', '张三', '猫咪健康'),
(2, 'pickup', datetime('now', '-10 days'), '李四', '张叔叔', '狗狗活泼'),
(2, 'return', datetime('now', '-3 days'), '张叔叔', '李四', '状态很好'),
(3, 'pickup', datetime('now', '-7 days'), '李四', '王阿姨', '猫咪怕生'),
(4, 'pickup', datetime('now', '-5 days'), '王五', '张叔叔', '按时喂药'),
(5, 'pickup', datetime('now', '-3 days'), '王五', '陈阿姨', '兔子可爱'),
(11, 'pickup', datetime('now', '-15 days'), '吴十', '王阿姨', '狸花猫'),
(11, 'return', datetime('now', '-8 days'), '王阿姨', '吴十', '猫咪健康'),
(12, 'pickup', datetime('now', '-12 days'), '周九', '张叔叔', '柯基'),
(12, 'return', datetime('now', '-5 days'), '张叔叔', '周九', '狗狗很好'),
(13, 'pickup', datetime('now', '-9 days'), '周九', '陈阿姨', '兔子'),
(13, 'return', datetime('now', '-2 days'), '陈阿姨', '周九', '兔子健康'),
(14, 'pickup', datetime('now', '-6 days'), '吴十', '刘阿姨', '加菲猫'),
(15, 'pickup', datetime('now', '-4 days'), '吴十', '张叔叔', '柴犬');

INSERT OR IGNORE INTO notification (user_id, type, title, content, link_url, read_status, create_time) VALUES
(1, 'system', '系统更新', '系统已更新', '/', 1, datetime('now', '-30 days')),
(1, 'application', '新申请', '有新的寄养申请待审核', '/foster-application', 1, datetime('now', '-15 days')),
(1, 'application', '新申请', '有新的寄养申请待审核', '/foster-application', 1, datetime('now', '-10 days')),
(1, 'application', '新申请', '有新的寄养申请待审核', '/foster-application', 0, datetime('now', '-1 days')),
(1, 'application', '新申请', '有新的寄养申请待审核', '/foster-application', 0, datetime('now')),
(2, 'application', '申请通过', '寄养申请已通过', '/foster-application', 1, datetime('now', '-15 days')),
(2, 'application', '寄养完成', '宠物寄养已完成', '/foster-application', 1, datetime('now', '-7 days')),
(3, 'application', '新申请', '收到新申请', '/foster-application', 1, datetime('now', '-15 days')),
(3, 'application', '寄养完成', '服务已完成', '/foster-application', 1, datetime('now', '-7 days')),
(4, 'application', '申请通过', '寄养申请已通过', '/foster-application', 1, datetime('now', '-11 days')),
(4, 'application', '新申请', '花花有新申请', '/foster-application', 0, datetime('now', '-8 days')),
(5, 'application', '申请通过', '寄养申请已通过', '/foster-application', 0, datetime('now', '-6 days')),
(5, 'application', '新申请', '小白有新申请', '/foster-application', 0, datetime('now', '-4 days')),
(6, 'application', '申请审核中', '寄养申请审核中', '/foster-application', 0, datetime('now', '-3 days')),
(6, 'application', '新申请', '布丁有新申请', '/foster-application', 0, datetime('now', '-2 days')),
(7, 'application', '申请审核中', '寄养申请审核中', '/foster-application', 0, datetime('now', '-1 days')),
(7, 'application', '新申请', '薯条有新申请', '/foster-application', 0, datetime('now')),
(8, 'application', '新申请', '雪球有新申请', '/foster-application', 0, datetime('now')),
(9, 'application', '申请通过', '寄养申请已通过', '/foster-application', 1, datetime('now', '-13 days')),
(9, 'application', '新申请', '团团有新申请', '/foster-application', 1, datetime('now', '-10 days')),
(10, 'application', '寄养中', '芒果寄养中', '/foster-application', 0, datetime('now', '-6 days')),
(10, 'application', '寄养中', '西瓜寄养中', '/foster-application', 0, datetime('now', '-4 days')),
(11, 'application', '新申请', '收到新申请', '/foster-application', 0, datetime('now', '-8 days')),
(12, 'application', '新申请', '收到新申请', '/foster-application', 0, datetime('now', '-6 days')),
(13, 'application', '新申请', '收到新申请', '/foster-application', 0, datetime('now', '-4 days')),
(14, 'application', '新申请', '收到新申请', '/foster-application', 0, datetime('now', '-2 days'));