INSERT OR IGNORE INTO sys_user (username, password, role_code, phone, enabled, create_time) VALUES
('admin', '$2a$10$rD3Z7FWH4fID9VxQxQv1HOYb6qLp0L3M7D4E9F3H5I6J7K8L9M0N', 'admin', '13800138000', 1, datetime('now')),
('student001', '$2a$10$rD3Z7FWH4fID9VxQxQv1HOYb6qLp0L3M7D4E9F3H5I6J7K8L9M0N', 'owner', '13900139001', 1, datetime('now')),
('caregiver001', '$2a$10$rD3Z7FWH4fID9VxQxQv1HOYb6qLp0L3M7D4E9F3H5I6J7K8L9M0N', 'caregiver', '13900139002', 1, datetime('now'));

INSERT OR IGNORE INTO sys_user (username, password, role_code, phone, enabled, create_time) VALUES
('student002', '$2a$10$rD3Z7FWH4fID9VxQxQv1HOYb6qLp0L3M7D4E9F3H5I6J7K8L9M0N', 'owner', '13900139003', 1, datetime('now', '-60 days')),
('student003', '$2a$10$rD3Z7FWH4fID9VxQxQv1HOYb6qLp0L3M7D4E9F3H5I6J7K8L9M0N', 'owner', '13900139004', 1, datetime('now', '-58 days')),
('student004', '$2a$10$rD3Z7FWH4fID9VxQxQv1HOYb6qLp0L3M7D4E9F3H5I6J7K8L9M0N', 'owner', '13900139005', 1, datetime('now', '-55 days')),
('student005', '$2a$10$rD3Z7FWH4fID9VxQxQv1HOYb6qLp0L3M7D4E9F3H5I6J7K8L9M0N', 'owner', '13900139006', 1, datetime('now', '-52 days')),
('student006', '$2a$10$rD3Z7FWH4fID9VxQxQv1HOYb6qLp0L3M7D4E9F3H5I6J7K8L9M0N', 'owner', '13900139007', 1, datetime('now', '-50 days')),
('student007', '$2a$10$rD3Z7FWH4fID9VxQxQv1HOYb6qLp0L3M7D4E9F3H5I6J7K8L9M0N', 'owner', '13900139008', 1, datetime('now', '-48 days')),
('student008', '$2a$10$rD3Z7FWH4fID9VxQxQv1HOYb6qLp0L3M7D4E9F3H5I6J7K8L9M0N', 'owner', '13900139009', 1, datetime('now', '-45 days')),
('student009', '$2a$10$rD3Z7FWH4fID9VxQxQv1HOYb6qLp0L3M7D4E9F3H5I6J7K8L9M0N', 'owner', '13900139010', 1, datetime('now', '-42 days')),
('student010', '$2a$10$rD3Z7FWH4fID9VxQxQv1HOYb6qLp0L3M7D4E9F3H5I6J7K8L9M0N', 'owner', '13900139011', 1, datetime('now', '-40 days')),
('student011', '$2a$10$rD3Z7FWH4fID9VxQxQv1HOYb6qLp0L3M7D4E9F3H5I6J7K8L9M0N', 'owner', '13900139012', 1, datetime('now', '-38 days')),
('student012', '$2a$10$rD3Z7FWH4fID9VxQxQv1HOYb6qLp0L3M7D4E9F3H5I6J7K8L9M0N', 'owner', '13900139013', 1, datetime('now', '-35 days')),
('student013', '$2a$10$rD3Z7FWH4fID9VxQxQv1HOYb6qLp0L3M7D4E9F3H5I6J7K8L9M0N', 'owner', '13900139014', 1, datetime('now', '-32 days')),
('student014', '$2a$10$rD3Z7FWH4fID9VxQxQv1HOYb6qLp0L3M7D4E9F3H5I6J7K8L9M0N', 'owner', '13900139015', 1, datetime('now', '-30 days')),
('student015', '$2a$10$rD3Z7FWH4fID9VxQxQv1HOYb6qLp0L3M7D4E9F3H5I6J7K8L9M0N', 'owner', '13900139016', 1, datetime('now', '-28 days')),
('student016', '$2a$10$rD3Z7FWH4fID9VxQxQv1HOYb6qLp0L3M7D4E9F3H5I6J7K8L9M0N', 'owner', '13900139017', 1, datetime('now', '-25 days')),
('student017', '$2a$10$rD3Z7FWH4fID9VxQxQv1HOYb6qLp0L3M7D4E9F3H5I6J7K8L9M0N', 'owner', '13900139018', 1, datetime('now', '-22 days')),
('student018', '$2a$10$rD3Z7FWH4fID9VxQxQv1HOYb6qLp0L3M7D4E9F3H5I6J7K8L9M0N', 'owner', '13900139019', 1, datetime('now', '-20 days')),
('student019', '$2a$10$rD3Z7FWH4fID9VxQxQv1HOYb6qLp0L3M7D4E9F3H5I6J7K8L9M0N', 'owner', '13900139020', 1, datetime('now', '-18 days')),
('student020', '$2a$10$rD3Z7FWH4fID9VxQxQv1HOYb6qLp0L3M7D4E9F3H5I6J7K8L9M0N', 'owner', '13900139021', 1, datetime('now', '-15 days'));

INSERT OR IGNORE INTO sys_user (username, password, role_code, phone, enabled, create_time) VALUES
('caregiver002', '$2a$10$rD3Z7FWH4fID9VxQxQv1HOYb6qLp0L3M7D4E9F3H5I6J7K8L9M0N', 'caregiver', '13800138003', 1, datetime('now', '-50 days')),
('caregiver003', '$2a$10$rD3Z7FWH4fID9VxQxQv1HOYb6qLp0L3M7D4E9F3H5I6J7K8L9M0N', 'caregiver', '13800138004', 1, datetime('now', '-45 days')),
('caregiver004', '$2a$10$rD3Z7FWH4fID9VxQxQv1HOYb6qLp0L3M7D4E9F3H5I6J7K8L9M0N', 'caregiver', '13800138005', 1, datetime('now', '-40 days')),
('caregiver005', '$2a$10$rD3Z7FWH4fID9VxQxQv1HOYb6qLp0L3M7D4E9F3H5I6J7K8L9M0N', 'caregiver', '13800138006', 1, datetime('now', '-35 days')),
('caregiver006', '$2a$10$rD3Z7FWH4fID9VxQxQv1HOYb6qLp0L3M7D4E9F3H5I6J7K8L9M0N', 'caregiver', '13800138007', 1, datetime('now', '-30 days')),
('caregiver007', '$2a$10$rD3Z7FWH4fID9VxQxQv1HOYb6qLp0L3M7D4E9F3H5I6J7K8L9M0N', 'caregiver', '13800138008', 1, datetime('now', '-25 days')),
('caregiver008', '$2a$10$rD3Z7FWH4fID9VxQxQv1HOYb6qLp0L3M7D4E9F3H5I6J7K8L9M0N', 'caregiver', '13800138009', 1, datetime('now', '-20 days')),
('caregiver009', '$2a$10$rD3Z7FWH4fID9VxQxQv1HOYb6qLp0L3M7D4E9F3H5I6J7K8L9M0N', 'caregiver', '13800138010', 1, datetime('now', '-15 days')),
('caregiver010', '$2a$10$rD3Z7FWH4fID9VxQxQv1HOYb6qLp0L3M7D4E9F3H5I6J7K8L9M0N', 'caregiver', '13800138011', 1, datetime('now', '-10 days'));

INSERT OR IGNORE INTO pet_owner_profile (user_id, student_no, name, school, major, dorm, contact_phone) VALUES
(2, '2024001', '张三', 'XX大学', '计算机科学与技术', '男生宿舍1号楼301', '13900139001'),
(4, '2024002', '李四', 'XX大学', '软件工程', '男生宿舍2号楼402', '13900139003'),
(5, '2024003', '王五', 'XX大学', '人工智能', '男生宿舍3号楼105', '13900139004'),
(6, '2024004', '赵六', 'XX大学', '电子信息', '女生宿舍1号楼203', '13900139005'),
(7, '2024005', '钱七', 'XX大学', '通信工程', '女生宿舍2号楼501', '13900139006'),
(8, '2024006', '孙八', 'XX大学', '自动化', '男生宿舍1号楼602', '13900139007'),
(9, '2024007', '周九', 'XX大学', '机械工程', '男生宿舍2号楼304', '13900139008'),
(10, '2024008', '吴十', 'XX大学', '材料科学', '女生宿舍3号楼102', '13900139009'),
(11, '2024009', '郑十一', 'XX大学', '化学工程', '男生宿舍4号楼201', '13900139010'),
(12, '2024010', '王十二', 'XX大学', '生物科学', '女生宿舍1号楼305', '13900139011'),
(13, '2024011', '刘十三', 'XX大学', '数学', '男生宿舍1号楼403', '13900139012'),
(14, '2024012', '陈十四', 'XX大学', '物理', '男生宿舍2号楼502', '13900139013'),
(15, '2024013', '杨十五', 'XX大学', '英语', '女生宿舍2号楼206', '13900139014'),
(16, '2024014', '黄十六', 'XX大学', '日语', '女生宿舍3号楼401', '13900139015'),
(17, '2024015', '周十七', 'XX大学', '法学', '男生宿舍3号楼603', '13900139016'),
(18, '2024016', '吴十八', 'XX大学', '经济学', '女生宿舍1号楼402', '13900139017'),
(19, '2024017', '郑十九', 'XX大学', '管理学', '男生宿舍4号楼305', '13900139018'),
(20, '2024018', '王二十', 'XX大学', '会计学', '女生宿舍2号楼301', '13900139019'),
(21, '2024019', '刘二十一', 'XX大学', '金融学', '男生宿舍1号楼502', '13900139020'),
(22, '2024020', '陈二十二', 'XX大学', '市场营销', '女生宿舍3号楼203', '13900139021');

INSERT OR IGNORE INTO pet_caregiver_profile (user_id, name, address, distance_to_school_km, phone, experience_years, has_own_pets, care_types, bio, avg_rating, total_care_count) VALUES
(3, '李阿姨', 'XX小区3号楼201室', 1.5, '13900139002', 5, 1, '["cat","dog"]', '喜欢小动物，有多年养猫经验', 4.8, 12),
(23, '王阿姨', '幸福小区5号楼302室', 2.0, '13800138003', 3, 1, '["cat"]', '热情开朗，家里有两只猫', 4.6, 8),
(24, '张叔叔', '阳光花园2号楼101室', 2.5, '13800138004', 8, 1, '["dog"]', '退伍军人，责任心强', 4.9, 20),
(25, '陈阿姨', '锦绣家园6号楼401室', 3.0, '13800138005', 4, 1, '["cat","rabbit"]', '退休教师，耐心细致', 4.7, 15),
(26, '刘阿姨', '明珠小区1号楼502室', 1.8, '13800138006', 6, 1, '["dog","cat"]', '专业宠物护理员', 4.8, 25),
(27, '赵阿姨', '碧水湾4号楼203室', 3.5, '13800138007', 2, 1, '["cat"]', '年轻妈妈，喜欢猫咪', 4.5, 6),
(28, '孙阿姨', '蓝天小区7号楼301室', 2.2, '13800138008', 5, 1, '["dog","rabbit"]', '养犬经验丰富', 4.7, 18),
(29, '周阿姨', '绿地花园3号楼602室', 4.0, '13800138009', 7, 1, '["cat","dog"]', '资深宠物寄养师', 4.9, 30),
(30, '吴阿姨', '银河小区2号楼401室', 1.2, '13800138010', 3, 1, '["cat","rabbit","other"]', '小动物爱好者', 4.6, 10),
(31, '郑阿姨', '星海家园5号楼102室', 2.8, '13800138011', 4, 1, '["dog"]', '养狗多年，经验丰富', 4.8, 14);

INSERT OR IGNORE INTO pet (owner_id, pet_name, species, breed, gender, age, health_note, diet_note, vaccine_status, deworm_status) VALUES
(2, '咪咪', 'cat', '英短', 'female', 2, '身体健康，性格温顺', '每天喂食两次，喜欢吃鱼罐头', '已完成疫苗接种', '已驱虫'),
(4, '旺财', 'dog', '金毛', 'male', 3, '活泼好动，喜欢户外运动', '每天遛弯两次', '已完成疫苗接种', '已驱虫'),
(4, '花花', 'cat', '布偶', 'female', 1, '漂亮温顺，粘人', '喜欢吃猫粮', '已完成疫苗接种', '已驱虫'),
(5, '小黑', 'dog', '泰迪', 'male', 2, '聪明可爱', '小型犬专用粮', '已完成疫苗接种', '已驱虫'),
(5, '小白', 'rabbit', '垂耳兔', 'female', 1, '毛茸茸的很可爱', '兔粮和干草', '已完成疫苗接种', '已驱虫'),
(6, '橘子', 'cat', '橘猫', 'male', 4, '胖嘟嘟的', '爱吃爱睡', '已完成疫苗接种', '已驱虫'),
(6, '布丁', 'cat', '暹罗', 'female', 2, '话痨猫', '喜欢互动', '已完成疫苗接种', '已驱虫'),
(7, '可乐', 'dog', '哈士奇', 'male', 2, '精力旺盛', '需要大量运动', '已完成疫苗接种', '已驱虫'),
(7, '薯条', 'cat', '美短', 'male', 1, '活泼好动', '喜欢玩玩具', '已完成疫苗接种', '已驱虫'),
(8, '雪球', 'cat', '波斯', 'female', 3, '高贵优雅', '长毛需要梳理', '已完成疫苗接种', '已驱虫'),
(8, '虎斑', 'cat', '狸花猫', 'male', 2, '聪明伶俐', '适应能力强', '已完成疫苗接种', '已驱虫'),
(9, '豆豆', 'dog', '柯基', 'female', 1, '短腿萌犬', '性格活泼', '已完成疫苗接种', '已驱虫'),
(9, '团团', 'rabbit', '荷兰兔', 'male', 1, '圆圆的很可爱', '草食动物', '已完成疫苗接种', '已驱虫'),
(10, '芒果', 'cat', '加菲', 'male', 2, '扁脸萌猫', '容易流泪需要护理', '已完成疫苗接种', '已驱虫'),
(10, '西瓜', 'dog', '柴犬', 'female', 2, '表情包达人', '性格忠诚', '已完成疫苗接种', '已驱虫'),
(11, '年糕', 'cat', '渐层', 'female', 1, '毛色漂亮', '性格温顺', '已完成疫苗接种', '已驱虫'),
(11, '饭团', 'dog', '比熊', 'male', 2, '卷毛小可爱', '需要定期美容', '已完成疫苗接种', '已驱虫'),
(12, '芝麻', 'cat', '黑猫', 'male', 3, '神秘优雅', '独立性强', '已完成疫苗接种', '已驱虫'),
(12, '糯米', 'rabbit', '侏儒兔', 'female', 1, '迷你可爱', '体型小', '已完成疫苗接种', '已驱虫'),
(13, '核桃', 'dog', '边牧', 'male', 2, '智商高', '需要训练', '已完成疫苗接种', '已驱虫'),
(13, '栗子', 'cat', '三花', 'female', 2, '花色漂亮', '性格多变', '已完成疫苗接种', '已驱虫'),
(14, '花生', 'dog', '拉布拉多', 'female', 3, '温顺亲人', '适合家庭', '已完成疫苗接种', '已驱虫'),
(14, '瓜子', 'cat', '蓝猫', 'male', 1, '高冷范', '喜欢独处', '已完成疫苗接种', '已驱虫'),
(15, '糖糖', 'cat', '暹罗', 'female', 2, '喜欢说话', '粘人', '已完成疫苗接种', '已驱虫'),
(15, '饼干', 'dog', '法斗', 'male', 1, '呆萌可爱', '短鼻子需要注意', '已完成疫苗接种', '已驱虫'),
(16, '巧克力', 'dog', '贵宾', 'female', 2, '卷毛优雅', '不掉毛', '已完成疫苗接种', '已驱虫'),
(16, '牛奶', 'cat', '白猫', 'male', 2, '洁白如雪', '性格温顺', '已完成疫苗接种', '已驱虫'),
(17, '咖啡', 'cat', '黑猫', 'female', 3, '神秘美丽', '优雅', '已完成疫苗接种', '已驱虫'),
(17, '茶茶', 'rabbit', '狮子兔', 'male', 1, '毛量多', '需要梳理', '已完成疫苗接种', '已驱虫'),
(18, '柠檬', 'cat', '橘猫', 'female', 1, '小橘猫', '未来的胖子', '已完成疫苗接种', '已驱虫'),
(18, '柚子', 'dog', '吉娃娃', 'male', 2, '小巧玲珑', '性格活泼', '已完成疫苗接种', '已驱虫'),
(19, '草莓', 'cat', '美短', 'female', 2, '花纹漂亮', '活泼好动', '已完成疫苗接种', '已驱虫'),
(19, '蓝莓', 'dog', '雪纳瑞', 'male', 2, '小老头', '聪明', '已完成疫苗接种', '已驱虫'),
(20, '葡萄', 'cat', '布偶', 'male', 1, '仙女猫', '温柔', '已完成疫苗接种', '已驱虫'),
(20, '樱桃', 'rabbit', '垂耳兔', 'female', 1, '耳朵垂垂的', '可爱', '已完成疫苗接种', '已驱虫'),
(21, '苹果', 'dog', '金毛', 'female', 3, '大暖汪', '友善', '已完成疫苗接种', '已驱虫'),
(21, '香蕉', 'cat', '英短', 'male', 2, '圆润可爱', '性格好', '已完成疫苗接种', '已驱虫'),
(22, '菠萝', 'cat', '狸花猫', 'female', 2, '中华田园猫', '健康皮实', '已完成疫苗接种', '已驱虫'),
(22, '椰子', 'dog', '萨摩耶', 'male', 2, '微笑天使', '雪白', '已完成疫苗接种', '已驱虫');

INSERT OR IGNORE INTO foster_location (caregiver_id, location_name, address, distance_km, capacity, accepted_species, care_period, cost_desc, available) VALUES
(3, '李阿姨家', 'XX小区3号楼201室', 1.5, 3, '["cat","dog"]', '全天', '免费', 1),
(23, '王阿姨猫舍', '幸福小区5号楼302室', 2.0, 2, '["cat"]', '全天', '20元/天', 1),
(24, '张叔叔狗窝', '阳光花园2号楼101室', 2.5, 4, '["dog"]', '全天', '30元/天', 1),
(25, '陈阿姨宠物之家', '锦绣家园6号楼401室', 3.0, 3, '["cat","rabbit"]', '全天', '15元/天', 1),
(26, '刘阿姨宠物店', '明珠小区1号楼502室', 1.8, 5, '["dog","cat"]', '全天', '25元/天', 1),
(27, '赵阿姨猫咪小屋', '碧水湾4号楼203室', 3.5, 2, '["cat"]', '全天', '18元/天', 1),
(28, '孙阿姨狗狗乐园', '蓝天小区7号楼301室', 2.2, 4, '["dog","rabbit"]', '全天', '28元/天', 1),
(29, '周阿姨宠物寄养', '绿地花园3号楼602室', 4.0, 6, '["cat","dog"]', '全天', '35元/天', 1),
(30, '吴阿姨小动物之家', '银河小区2号楼401室', 1.2, 3, '["cat","rabbit","other"]', '全天', '12元/天', 1),
(31, '郑阿姨狗狗之家', '星海家园5号楼102室', 2.8, 4, '["dog"]', '全天', '25元/天', 1),
(3, '李阿姨家分点', 'XX小区3号楼202室', 1.5, 2, '["cat"]', '全天', '免费', 1),
(23, '王阿姨猫舍2号', '幸福小区5号楼303室', 2.0, 2, '["cat"]', '全天', '20元/天', 1),
(24, '张叔叔狗窝2号', '阳光花园2号楼102室', 2.5, 3, '["dog"]', '全天', '30元/天', 1),
(25, '陈阿姨宠物之家2号', '锦绣家园6号楼402室', 3.0, 2, '["rabbit"]', '全天', '15元/天', 1),
(26, '刘阿姨宠物店2号', '明珠小区1号楼503室', 1.8, 3, '["cat"]', '全天', '25元/天', 1);

INSERT OR IGNORE INTO foster_application (pet_id, location_id, caregiver_id, owner_id, start_time, expected_end_time, actual_start_time, actual_end_time, care_note, emergency_contact, status, rating, review_text, create_time) VALUES
(1, 1, 3, 2, datetime('now', '-14 days'), datetime('now', '-7 days'), datetime('now', '-14 days'), datetime('now', '-7 days'), '每天喂两次，早晚各一次', '13900139001', 'completed', 5, '照顾得很好，猫咪回来很开心', datetime('now', '-15 days')),
(2, 4, 24, 4, datetime('now', '-10 days'), datetime('now', '-3 days'), datetime('now', '-10 days'), datetime('now', '-3 days'), '每天遛弯两次，每次半小时', '13900139003', 'completed', 5, '狗狗玩得很开心', datetime('now', '-11 days')),
(3, 2, 23, 4, datetime('now', '-7 days'), datetime('now'), datetime('now', '-7 days'), NULL, '性格温顺，喜欢被抚摸', '13900139003', 'fostering', NULL, NULL, datetime('now', '-8 days')),
(4, 4, 24, 5, datetime('now', '-5 days'), datetime('now', '+2 days'), datetime('now', '-5 days'), NULL, '需要按时喂药', '13900139004', 'fostering', NULL, NULL, datetime('now', '-6 days')),
(5, 5, 25, 5, datetime('now', '-3 days'), datetime('now', '+4 days'), datetime('now', '-3 days'), NULL, '草食动物，注意饮食', '13900139004', 'fostering', NULL, NULL, datetime('now', '-4 days')),
(6, 3, 24, 6, datetime('now', '-2 days'), datetime('now', '+5 days'), NULL, NULL, '胖嘟嘟的，不要喂太多', '13900139005', 'pending', NULL, NULL, datetime('now', '-3 days')),
(7, 2, 23, 6, datetime('now', '-1 days'), datetime('now', '+6 days'), NULL, NULL, '话痨猫，喜欢互动', '13900139005', 'pending', NULL, NULL, datetime('now', '-2 days')),
(8, 4, 24, 7, datetime('now'), datetime('now', '+7 days'), NULL, NULL, '精力旺盛，需要多运动', '13900139006', 'pending', NULL, NULL, datetime('now', '-1 days')),
(9, 6, 26, 7, datetime('now', '+1 days'), datetime('now', '+8 days'), NULL, NULL, '活泼好动', '13900139006', 'pending', NULL, NULL, datetime('now')),
(10, 2, 23, 8, datetime('now', '+2 days'), datetime('now', '+9 days'), NULL, NULL, '长毛需要梳理', '13900139008', 'pending', NULL, NULL, datetime('now')),
(11, 7, 27, 8, datetime('now', '-15 days'), datetime('now', '-8 days'), datetime('now', '-15 days'), datetime('now', '-8 days'), '聪明伶俐', '13900139008', 'completed', 4, '还不错', datetime('now', '-16 days')),
(12, 4, 24, 9, datetime('now', '-12 days'), datetime('now', '-5 days'), datetime('now', '-12 days'), datetime('now', '-5 days'), '短腿萌犬', '13900139009', 'completed', 5, '非常满意', datetime('now', '-13 days')),
(13, 5, 25, 9, datetime('now', '-9 days'), datetime('now', '-2 days'), datetime('now', '-9 days'), datetime('now', '-2 days'), '圆圆的很可爱', '13900139009', 'completed', 5, '照顾得很好', datetime('now', '-10 days')),
(14, 6, 26, 10, datetime('now', '-6 days'), datetime('now', '+1 days'), datetime('now', '-6 days'), NULL, '容易流泪需要护理', '13900139010', 'fostering', NULL, NULL, datetime('now', '-7 days')),
(15, 4, 24, 10, datetime('now', '-4 days'), datetime('now', '+3 days'), datetime('now', '-4 days'), NULL, '表情包达人', '13900139010', 'fostering', NULL, NULL, datetime('now', '-5 days')),
(16, 8, 28, 11, datetime('now', '-2 days'), datetime('now', '+5 days'), NULL, NULL, '毛色漂亮', '13900139011', 'pending', NULL, NULL, datetime('now', '-3 days')),
(17, 9, 29, 11, datetime('now', '-1 days'), datetime('now', '+6 days'), NULL, NULL, '需要定期美容', '13900139011', 'pending', NULL, NULL, datetime('now', '-2 days')),
(18, 2, 23, 12, datetime('now'), datetime('now', '+7 days'), NULL, NULL, '神秘优雅', '13900139012', 'pending', NULL, NULL, datetime('now', '-1 days')),
(19, 5, 25, 12, datetime('now', '+1 days'), datetime('now', '+8 days'), NULL, NULL, '迷你可爱', '13900139012', 'pending', NULL, NULL, datetime('now')),
(20, 4, 24, 13, datetime('now', '+2 days'), datetime('now', '+9 days'), NULL, NULL, '智商高', '13900139013', 'pending', NULL, NULL, datetime('now'));

INSERT OR IGNORE INTO foster_application (pet_id, location_id, caregiver_id, owner_id, start_time, expected_end_time, actual_start_time, actual_end_time, care_note, emergency_contact, status, rating, review_text, create_time) VALUES
(21, 6, 26, 13, datetime('now', '-20 days'), datetime('now', '-13 days'), datetime('now', '-20 days'), datetime('now', '-13 days'), '花色漂亮', '13900139013', 'completed', 5, '非常满意', datetime('now', '-21 days')),
(22, 4, 24, 14, datetime('now', '-18 days'), datetime('now', '-11 days'), datetime('now', '-18 days'), datetime('now', '-11 days'), '温顺亲人', '13900139014', 'completed', 4, '还可以', datetime('now', '-19 days')),
(23, 2, 23, 14, datetime('now', '-16 days'), datetime('now', '-9 days'), datetime('now', '-16 days'), datetime('now', '-9 days'), '高冷范', '13900139014', 'completed', 4, '猫很开心', datetime('now', '-17 days')),
(24, 7, 27, 15, datetime('now', '-14 days'), datetime('now', '-7 days'), datetime('now', '-14 days'), datetime('now', '-7 days'), '喜欢说话', '13900139015', 'completed', 5, '很好', datetime('now', '-15 days')),
(25, 4, 24, 15, datetime('now', '-12 days'), datetime('now', '-5 days'), datetime('now', '-12 days'), datetime('now', '-5 days'), '呆萌可爱', '13900139015', 'completed', 5, '非常好', datetime('now', '-13 days')),
(26, 6, 26, 16, datetime('now', '-10 days'), datetime('now', '-3 days'), datetime('now', '-10 days'), datetime('now', '-3 days'), '卷毛优雅', '13900139016', 'completed', 4, '不错', datetime('now', '-11 days')),
(27, 2, 23, 16, datetime('now', '-8 days'), datetime('now', '-1 days'), datetime('now', '-8 days'), datetime('now', '-1 days'), '洁白如雪', '13900139016', 'completed', 5, '满意', datetime('now', '-9 days')),
(28, 8, 28, 17, datetime('now', '-6 days'), datetime('now', '+1 days'), datetime('now', '-6 days'), NULL, '神秘美丽', '13900139017', 'fostering', NULL, NULL, datetime('now', '-7 days')),
(29, 5, 25, 17, datetime('now', '-4 days'), datetime('now', '+3 days'), datetime('now', '-4 days'), NULL, '毛量多', '13900139017', 'fostering', NULL, NULL, datetime('now', '-5 days')),
(30, 2, 23, 18, datetime('now', '-2 days'), datetime('now', '+5 days'), NULL, NULL, '小橘猫', '13900139018', 'pending', NULL, NULL, datetime('now', '-3 days')),
(31, 4, 24, 18, datetime('now', '-1 days'), datetime('now', '+6 days'), NULL, NULL, '小巧玲珑', '13900139018', 'pending', NULL, NULL, datetime('now', '-2 days')),
(32, 6, 26, 19, datetime('now'), datetime('now', '+7 days'), NULL, NULL, '花纹漂亮', '13900139019', 'pending', NULL, NULL, datetime('now', '-1 days')),
(33, 4, 24, 19, datetime('now', '+1 days'), datetime('now', '+8 days'), NULL, NULL, '小老头', '13900139019', 'pending', NULL, NULL, datetime('now')),
(34, 2, 23, 20, datetime('now', '+2 days'), datetime('now', '+9 days'), NULL, NULL, '仙女猫', '13900139020', 'pending', NULL, NULL, datetime('now')),
(35, 5, 25, 20, datetime('now', '+3 days'), datetime('now', '+10 days'), NULL, NULL, '耳朵垂垂的', '13900139020', 'pending', NULL, NULL, datetime('now'));

INSERT OR IGNORE INTO care_diary (application_id, caregiver_id, diary_date, content) VALUES
(1, 3, date('now', '-14 days'), '咪咪今天很乖，吃了很多猫粮'),
(1, 3, date('now', '-13 days'), '带咪咪去阳台晒太阳'),
(1, 3, date('now', '-12 days'), '咪咪玩玩具很开心'),
(1, 3, date('now', '-11 days'), '给咪咪梳毛'),
(1, 3, date('now', '-10 days'), '咪咪睡得很香'),
(2, 24, date('now', '-10 days'), '旺财今天很兴奋，遛弯跑了很久'),
(2, 24, date('now', '-9 days'), '旺财和邻居家的狗玩得很开心'),
(2, 24, date('now', '-8 days'), '给旺财洗澡'),
(2, 24, date('now', '-7 days'), '旺财吃了很多'),
(2, 24, date('now', '-6 days'), '带旺财去公园'),
(3, 23, date('now', '-7 days'), '花花刚来有点怕生'),
(3, 23, date('now', '-6 days'), '花花已经适应了'),
(3, 23, date('now', '-5 days'), '花花很粘人'),
(3, 23, date('now', '-4 days'), '给花花拍照'),
(3, 23, date('now', '-3 days'), '花花睡得很香'),
(4, 24, date('now', '-5 days'), '小黑很聪明'),
(4, 24, date('now', '-4 days'), '小黑学会了新技能'),
(4, 24, date('now', '-3 days'), '小黑很活泼'),
(4, 24, date('now', '-2 days'), '给小黑梳毛'),
(4, 24, date('now', '-1 days'), '小黑很开心'),
(5, 25, date('now', '-3 days'), '小白很可爱'),
(5, 25, date('now', '-2 days'), '小白吃了很多草'),
(5, 25, date('now', '-1 days'), '小白蹦蹦跳跳'),
(14, 26, date('now', '-6 days'), '芒果刚来'),
(14, 26, date('now', '-5 days'), '芒果很乖'),
(14, 26, date('now', '-4 days'), '芒果喜欢被抱'),
(14, 26, date('now', '-3 days'), '给芒果梳毛'),
(14, 26, date('now', '-2 days'), '芒果睡得很香'),
(14, 26, date('now', '-1 days'), '芒果很开心'),
(15, 24, date('now', '-4 days'), '西瓜很活泼'),
(15, 24, date('now', '-3 days'), '西瓜喜欢玩球'),
(15, 24, date('now', '-2 days'), '西瓜跑得很快'),
(15, 24, date('now', '-1 days'), '西瓜很可爱');

INSERT OR IGNORE INTO handover_record (application_id, handover_type, handover_time, from_person, to_person, remark) VALUES
(1, 'pickup', datetime('now', '-14 days'), '张三', '李阿姨', '宠物状态良好'),
(1, 'return', datetime('now', '-7 days'), '李阿姨', '张三', '猫咪健康'),
(2, 'pickup', datetime('now', '-10 days'), '李四', '张叔叔', '狗狗很活泼'),
(2, 'return', datetime('now', '-3 days'), '张叔叔', '李四', '狗狗状态很好'),
(3, 'pickup', datetime('now', '-7 days'), '李四', '王阿姨', '猫咪有点怕生'),
(4, 'pickup', datetime('now', '-5 days'), '王五', '张叔叔', '需要按时喂药'),
(5, 'pickup', datetime('now', '-3 days'), '王五', '陈阿姨', '兔子很可爱'),
(11, 'pickup', datetime('now', '-15 days'), '吴十', '赵阿姨', '狸花猫'),
(11, 'return', datetime('now', '-8 days'), '赵阿姨', '吴十', '猫咪健康'),
(12, 'pickup', datetime('now', '-12 days'), '周九', '张叔叔', '柯基'),
(12, 'return', datetime('now', '-5 days'), '张叔叔', '周九', '狗狗很好'),
(13, 'pickup', datetime('now', '-9 days'), '周九', '陈阿姨', '兔子'),
(13, 'return', datetime('now', '-2 days'), '陈阿姨', '周九', '兔子健康'),
(14, 'pickup', datetime('now', '-6 days'), '吴十', '刘阿姨', '加菲猫'),
(15, 'pickup', datetime('now', '-4 days'), '吴十', '张叔叔', '柴犬'),
(21, 'pickup', datetime('now', '-20 days'), '刘十三', '刘阿姨', '三花猫'),
(21, 'return', datetime('now', '-13 days'), '刘阿姨', '刘十三', '猫咪很好'),
(22, 'pickup', datetime('now', '-18 days'), '陈十四', '张叔叔', '拉布拉多'),
(22, 'return', datetime('now', '-11 days'), '张叔叔', '陈十四', '狗狗健康'),
(23, 'pickup', datetime('now', '-16 days'), '陈十四', '王阿姨', '蓝猫'),
(23, 'return', datetime('now', '-9 days'), '王阿姨', '陈十四', '猫咪很开心'),
(24, 'pickup', datetime('now', '-14 days'), '杨十五', '赵阿姨', '暹罗猫'),
(24, 'return', datetime('now', '-7 days'), '赵阿姨', '杨十五', '猫咪很好'),
(25, 'pickup', datetime('now', '-12 days'), '杨十五', '张叔叔', '法斗'),
(25, 'return', datetime('now', '-5 days'), '张叔叔', '杨十五', '狗狗健康'),
(26, 'pickup', datetime('now', '-10 days'), '黄十六', '刘阿姨', '贵宾犬'),
(26, 'return', datetime('now', '-3 days'), '刘阿姨', '黄十六', '狗狗很好'),
(27, 'pickup', datetime('now', '-8 days'), '黄十六', '王阿姨', '白猫'),
(27, 'return', datetime('now', '-1 days'), '王阿姨', '黄十六', '猫咪很开心'),
(28, 'pickup', datetime('now', '-6 days'), '周十七', '孙阿姨', '黑猫'),
(29, 'pickup', datetime('now', '-4 days'), '周十七', '陈阿姨', '狮子兔');

INSERT OR IGNORE INTO notification (user_id, type, title, content, link_url, read_status, create_time) VALUES
(1, 'system', '系统更新', '系统已更新到新版本', '/', 1, datetime('now', '-30 days')),
(1, 'application', '新申请通知', '有新的寄养申请待审核', '/foster-application', 1, datetime('now', '-15 days')),
(1, 'application', '新申请通知', '有新的寄养申请待审核', '/foster-application', 1, datetime('now', '-10 days')),
(1, 'application', '新申请通知', '有新的寄养申请待审核', '/foster-application', 0, datetime('now', '-1 days')),
(1, 'application', '新申请通知', '有新的寄养申请待审核', '/foster-application', 0, datetime('now')),
(2, 'application', '申请通过', '您的寄养申请已通过', '/foster-application', 1, datetime('now', '-15 days')),
(2, 'application', '寄养完成', '您的宠物寄养已完成', '/foster-application', 1, datetime('now', '-7 days')),
(3, 'application', '新申请', '收到新的寄养申请', '/foster-application', 1, datetime('now', '-15 days')),
(3, 'application', '寄养完成', '寄养服务已完成', '/foster-application', 1, datetime('now', '-7 days')),
(4, 'application', '申请通过', '您的寄养申请已通过', '/foster-application', 1, datetime('now', '-11 days')),
(4, 'application', '新申请', '您的宠物花花有新的寄养申请', '/foster-application', 0, datetime('now', '-8 days')),
(5, 'application', '申请通过', '您的寄养申请已通过', '/foster-application', 0, datetime('now', '-6 days')),
(5, 'application', '新申请', '您的宠物小白有新的寄养申请', '/foster-application', 0, datetime('now', '-4 days')),
(6, 'application', '申请待审核', '您的寄养申请正在审核中', '/foster-application', 0, datetime('now', '-3 days')),
(6, 'application', '申请待审核', '您的宠物布丁有新的寄养申请', '/foster-application', 0, datetime('now', '-2 days')),
(7, 'application', '申请待审核', '您的寄养申请正在审核中', '/foster-application', 0, datetime('now', '-1 days')),
(7, 'application', '新申请', '您的宠物薯条有新的寄养申请', '/foster-application', 0, datetime('now')),
(8, 'application', '申请待审核', '您的宠物雪球有新的寄养申请', '/foster-application', 0, datetime('now')),
(9, 'application', '申请通过', '您的寄养申请已通过', '/foster-application', 1, datetime('now', '-13 days')),
(9, 'application', '申请通过', '您的宠物团团有新的寄养申请', '/foster-application', 1, datetime('now', '-10 days')),
(10, 'application', '寄养进行中', '您的宠物芒果正在寄养中', '/foster-application', 0, datetime('now', '-6 days')),
(10, 'application', '寄养进行中', '您的宠物西瓜正在寄养中', '/foster-application', 0, datetime('now', '-4 days')),
(11, 'application', '申请待审核', '您的宠物年糕有新的寄养申请', '/foster-application', 0, datetime('now', '-3 days')),
(11, 'application', '申请待审核', '您的宠物饭团有新的寄养申请', '/foster-application', 0, datetime('now', '-2 days')),
(12, 'application', '申请待审核', '您的宠物芝麻有新的寄养申请', '/foster-application', 0, datetime('now', '-1 days')),
(12, 'application', '申请待审核', '您的宠物糯米有新的寄养申请', '/foster-application', 0, datetime('now')),
(13, 'application', '申请待审核', '您的宠物核桃有新的寄养申请', '/foster-application', 0, datetime('now')),
(13, 'application', '申请完成', '您的宠物栗子寄养已完成', '/foster-application', 1, datetime('now', '-21 days')),
(14, 'application', '申请完成', '您的宠物花生寄养已完成', '/foster-application', 1, datetime('now', '-19 days')),
(14, 'application', '申请完成', '您的宠物瓜子寄养已完成', '/foster-application', 1, datetime('now', '-17 days'));