INSERT OR IGNORE INTO sys_user (username, password, role_code, phone, enabled, create_time) VALUES
('admin', '$2a$10$rD3Z7FWH4fID9VxQxQv1HOYb6qLp0L3M7D4E9F3H5I6J7K8L9M0N', 'admin', '13800138000', 1, '2024-01-01 00:00:00'),
('student001', '$2a$10$rD3Z7FWH4fID9VxQxQv1HOYb6qLp0L3M7D4E9F3H5I6J7K8L9M0N', 'owner', '13900139001', 1, '2024-01-02 00:00:00'),
('caregiver001', '$2a$10$rD3Z7FWH4fID9VxQxQv1HOYb6qLp0L3M7D4E9F3H5I6J7K8L9M0N', 'caregiver', '13900139002', 1, '2024-01-03 00:00:00'),
('student002', '$2a$10$rD3Z7FWH4fID9VxQxQv1HOYb6qLp0L3M7D4E9F3H5I6J7K8L9M0N', 'owner', '13900139003', 1, '2024-02-01 00:00:00'),
('student003', '$2a$10$rD3Z7FWH4fID9VxQxQv1HOYb6qLp0L3M7D4E9F3H5I6J7K8L9M0N', 'owner', '13900139004', 1, '2024-02-03 00:00:00'),
('student004', '$2a$10$rD3Z7FWH4fID9VxQxQv1HOYb6qLp0L3M7D4E9F3H5I6J7K8L9M0N', 'owner', '13900139005', 1, '2024-02-06 00:00:00'),
('student005', '$2a$10$rD3Z7FWH4fID9VxQxQv1HOYb6qLp0L3M7D4E9F3H5I6J7K8L9M0N', 'owner', '13900139006', 1, '2024-02-09 00:00:00'),
('student006', '$2a$10$rD3Z7FWH4fID9VxQxQv1HOYb6qLp0L3M7D4E9F3H5I6J7K8L9M0N', 'owner', '13900139007', 1, '2024-02-11 00:00:00'),
('student007', '$2a$10$rD3Z7FWH4fID9VxQxQv1HOYb6qLp0L3M7D4E9F3H5I6J7K8L9M0N', 'owner', '13900139008', 1, '2024-02-13 00:00:00'),
('student008', '$2a$10$rD3Z7FWH4fID9VxQxQv1HOYb6qLp0L3M7D4E9F3H5I6J7K8L9M0N', 'owner', '13900139009', 1, '2024-02-16 00:00:00'),
('caregiver002', '$2a$10$rD3Z7FWH4fID9VxQxQv1HOYb6qLp0L3M7D4E9F3H5I6J7K8L9M0N', 'caregiver', '13800138003', 1, '2024-02-11 00:00:00'),
('caregiver003', '$2a$10$rD3Z7FWH4fID9VxQxQv1HOYb6qLp0L3M7D4E9F3H5I6J7K8L9M0N', 'caregiver', '13800138004', 1, '2024-02-16 00:00:00'),
('caregiver004', '$2a$10$rD3Z7FWH4fID9VxQxQv1HOYb6qLp0L3M7D4E9F3H5I6J7K8L9M0N', 'caregiver', '13800138005', 1, '2024-02-21 00:00:00'),
('caregiver005', '$2a$10$rD3Z7FWH4fID9VxQxQv1HOYb6qLp0L3M7D4E9F3H5I6J7K8L9M0N', 'caregiver', '13800138006', 1, '2024-02-26 00:00:00');

INSERT OR IGNORE INTO pet_owner_profile (user_id, student_no, name, school, major, dorm, contact_phone) VALUES
(2, '2024001', '张三', 'XX大学', '计算机科学与技术', '男生宿舍1号楼301', '13900139001'),
(4, '2024002', '李四', 'XX大学', '软件工程', '男生宿舍2号楼402', '13900139003'),
(5, '2024003', '王五', 'XX大学', '人工智能', '男生宿舍3号楼105', '13900139004'),
(6, '2024004', '赵六', 'XX大学', '电子信息', '女生宿舍1号楼203', '13900139005'),
(7, '2024005', '钱七', 'XX大学', '通信工程', '女生宿舍2号楼501', '13900139006'),
(8, '2024006', '孙八', 'XX大学', '自动化', '男生宿舍1号楼602', '13900139007'),
(9, '2024007', '周九', 'XX大学', '机械工程', '男生宿舍2号楼304', '13900139008'),
(10, '2024008', '吴十', 'XX大学', '材料科学', '女生宿舍3号楼102', '13900139009');

INSERT OR IGNORE INTO pet_caregiver_profile (user_id, name, address, distance_to_school_km, phone, experience_years, has_own_pets, care_types, bio, avg_rating, total_care_count) VALUES
(3, '李阿姨', 'XX小区3号楼201室', 1.5, '13900139002', 5, 1, '["cat","dog"]', '喜欢小动物', 4.8, 12),
(11, '王阿姨', '幸福小区5号楼302室', 2.0, '13800138003', 3, 1, '["cat"]', '热情开朗', 4.6, 8),
(12, '张叔叔', '阳光花园2号楼101室', 2.5, '13800138004', 8, 1, '["dog"]', '退伍军人', 4.9, 20),
(13, '陈阿姨', '锦绣家园6号楼401室', 3.0, '13800138005', 4, 1, '["cat","rabbit"]', '退休教师', 4.7, 15),
(14, '刘阿姨', '明珠小区1号楼502室', 1.8, '13800138006', 6, 1, '["dog","cat"]', '专业护理员', 4.8, 25);

INSERT OR IGNORE INTO pet (owner_id, pet_name, species, breed, gender, age, health_note, diet_note, vaccine_status, deworm_status) VALUES
(2, '咪咪', 'cat', '英短', 'female', 2, '健康', '吃鱼罐头', '已接种', '已驱虫'),
(4, '旺财', 'dog', '金毛', 'male', 3, '活泼', '每天遛弯', '已接种', '已驱虫'),
(4, '花花', 'cat', '布偶', 'female', 1, '温顺', '吃猫粮', '已接种', '已驱虫'),
(5, '小黑', 'dog', '泰迪', 'male', 2, '聪明', '专用粮', '已接种', '已驱虫'),
(5, '小白', 'rabbit', '垂耳兔', 'female', 1, '可爱', '兔粮干草', '已接种', '已驱虫'),
(6, '橘子', 'cat', '橘猫', 'male', 4, '胖', '爱吃', '已接种', '已驱虫'),
(6, '布丁', 'cat', '暹罗', 'female', 2, '话痨', '互动', '已接种', '已驱虫'),
(7, '可乐', 'dog', '哈士奇', 'male', 2, '精力旺', '多运动', '已接种', '已驱虫'),
(7, '薯条', 'cat', '美短', 'male', 1, '活泼', '玩具', '已接种', '已驱虫'),
(8, '雪球', 'cat', '波斯', 'female', 3, '优雅', '梳毛', '已接种', '已驱虫'),
(8, '虎斑', 'cat', '狸花猫', 'male', 2, '聪明', '适应强', '已接种', '已驱虫'),
(9, '豆豆', 'dog', '柯基', 'female', 1, '短腿', '活泼', '已接种', '已驱虫'),
(9, '团团', 'rabbit', '荷兰兔', 'male', 1, '圆圆', '草食', '已接种', '已驱虫'),
(10, '芒果', 'cat', '加菲', 'male', 2, '扁脸', '护理', '已接种', '已驱虫'),
(10, '西瓜', 'dog', '柴犬', 'female', 2, '表情包', '忠诚', '已接种', '已驱虫');

INSERT OR IGNORE INTO foster_location (caregiver_id, location_name, address, distance_km, capacity, accepted_species, care_period, cost_desc, available) VALUES
(3, '李阿姨家', 'XX小区3号楼201室', 1.5, 3, '["cat","dog"]', '全天', '免费', 1),
(11, '王阿姨猫舍', '幸福小区5号楼302室', 2.0, 2, '["cat"]', '全天', '20元/天', 1),
(12, '张叔叔狗窝', '阳光花园2号楼101室', 2.5, 4, '["dog"]', '全天', '30元/天', 1),
(13, '陈阿姨宠物之家', '锦绣家园6号楼401室', 3.0, 3, '["cat","rabbit"]', '全天', '15元/天', 1),
(14, '刘阿姨宠物店', '明珠小区1号楼502室', 1.8, 5, '["dog","cat"]', '全天', '25元/天', 1);

INSERT OR IGNORE INTO foster_application (pet_id, location_id, caregiver_id, owner_id, start_time, expected_end_time, actual_start_time, actual_end_time, care_note, emergency_contact, status, rating, review_text, create_time) VALUES
(1, 1, 3, 2, '2024-03-01 09:00:00', '2024-03-08 09:00:00', '2024-03-01 09:00:00', '2024-03-08 09:00:00', '每天喂两次', '13900139001', 'completed', 5, '照顾得很好', '2024-02-28 09:00:00'),
(2, 3, 12, 4, '2024-03-05 09:00:00', '2024-03-12 09:00:00', '2024-03-05 09:00:00', '2024-03-12 09:00:00', '每天遛弯', '13900139003', 'completed', 5, '狗狗开心', '2024-03-04 09:00:00'),
(3, 2, 11, 4, '2024-03-08 09:00:00', '2024-03-15 09:00:00', '2024-03-08 09:00:00', NULL, '温顺', '13900139003', 'fostering', NULL, NULL, '2024-03-07 09:00:00'),
(4, 3, 12, 5, '2024-03-10 09:00:00', '2024-03-17 09:00:00', '2024-03-10 09:00:00', NULL, '喂药', '13900139004', 'fostering', NULL, NULL, '2024-03-09 09:00:00'),
(5, 4, 13, 5, '2024-03-12 09:00:00', '2024-03-19 09:00:00', '2024-03-12 09:00:00', NULL, '草食', '13900139004', 'fostering', NULL, NULL, '2024-03-11 09:00:00'),
(6, 1, 3, 6, '2024-03-13 09:00:00', '2024-03-20 09:00:00', NULL, NULL, '别喂多', '13900139005', 'pending', NULL, NULL, '2024-03-12 09:00:00'),
(7, 2, 11, 6, '2024-03-14 09:00:00', '2024-03-21 09:00:00', NULL, NULL, '互动', '13900139005', 'pending', NULL, NULL, '2024-03-13 09:00:00'),
(8, 3, 12, 7, '2024-03-15 09:00:00', '2024-03-22 09:00:00', NULL, NULL, '运动', '13900139006', 'pending', NULL, NULL, '2024-03-14 09:00:00'),
(9, 5, 14, 7, '2024-03-16 09:00:00', '2024-03-23 09:00:00', NULL, NULL, '活泼', '13900139006', 'pending', NULL, NULL, '2024-03-15 09:00:00'),
(10, 2, 11, 8, '2024-03-17 09:00:00', '2024-03-24 09:00:00', NULL, NULL, '梳毛', '13900139008', 'pending', NULL, NULL, '2024-03-15 09:00:00'),
(11, 2, 11, 8, '2024-02-28 09:00:00', '2024-03-07 09:00:00', '2024-02-28 09:00:00', '2024-03-07 09:00:00', '聪明', '13900139008', 'completed', 4, '还不错', '2024-02-27 09:00:00'),
(12, 3, 12, 9, '2024-03-03 09:00:00', '2024-03-10 09:00:00', '2024-03-03 09:00:00', '2024-03-10 09:00:00', '短腿', '13900139009', 'completed', 5, '满意', '2024-03-02 09:00:00'),
(13, 4, 13, 9, '2024-03-06 09:00:00', '2024-03-13 09:00:00', '2024-03-06 09:00:00', '2024-03-13 09:00:00', '圆圆', '13900139009', 'completed', 5, '很好', '2024-03-05 09:00:00'),
(14, 5, 14, 10, '2024-03-09 09:00:00', '2024-03-16 09:00:00', '2024-03-09 09:00:00', NULL, '流泪护理', '13900139010', 'fostering', NULL, NULL, '2024-03-08 09:00:00'),
(15, 3, 12, 10, '2024-03-11 09:00:00', '2024-03-18 09:00:00', '2024-03-11 09:00:00', NULL, '表情包', '13900139010', 'fostering', NULL, NULL, '2024-03-10 09:00:00');

INSERT OR IGNORE INTO care_diary (application_id, caregiver_id, diary_date, content) VALUES
(1, 3, '2024-03-01', '咪咪很乖'),
(1, 3, '2024-03-02', '晒太阳'),
(1, 3, '2024-03-03', '玩玩具'),
(2, 12, '2024-03-05', '旺财兴奋'),
(2, 12, '2024-03-06', '和邻居狗玩'),
(3, 11, '2024-03-08', '花花怕生'),
(3, 11, '2024-03-09', '已适应'),
(3, 11, '2024-03-10', '很粘人'),
(4, 12, '2024-03-10', '小黑聪明'),
(4, 12, '2024-03-11', '学会技能'),
(5, 13, '2024-03-12', '小白可爱'),
(5, 13, '2024-03-13', '吃草'),
(14, 14, '2024-03-09', '芒果刚来'),
(14, 14, '2024-03-10', '芒果很乖'),
(14, 14, '2024-03-11', '喜欢被抱'),
(15, 12, '2024-03-11', '西瓜活泼'),
(15, 12, '2024-03-12', '玩球'),
(15, 12, '2024-03-13', '跑得快');

INSERT OR IGNORE INTO handover_record (application_id, handover_type, handover_time, from_person, to_person, remark) VALUES
(1, 'pickup', '2024-03-01 09:00:00', '张三', '李阿姨', '良好'),
(1, 'return', '2024-03-08 09:00:00', '李阿姨', '张三', '健康'),
(2, 'pickup', '2024-03-05 09:00:00', '李四', '张叔叔', '活泼'),
(2, 'return', '2024-03-12 09:00:00', '张叔叔', '李四', '很好'),
(3, 'pickup', '2024-03-08 09:00:00', '李四', '王阿姨', '怕生'),
(4, 'pickup', '2024-03-10 09:00:00', '王五', '张叔叔', '喂药'),
(5, 'pickup', '2024-03-12 09:00:00', '王五', '陈阿姨', '可爱'),
(11, 'pickup', '2024-02-28 09:00:00', '吴十', '王阿姨', '狸花猫'),
(11, 'return', '2024-03-07 09:00:00', '王阿姨', '吴十', '健康'),
(12, 'pickup', '2024-03-03 09:00:00', '周九', '张叔叔', '柯基'),
(12, 'return', '2024-03-10 09:00:00', '张叔叔', '周九', '很好'),
(13, 'pickup', '2024-03-06 09:00:00', '周九', '陈阿姨', '兔子'),
(13, 'return', '2024-03-13 09:00:00', '陈阿姨', '周九', '健康'),
(14, 'pickup', '2024-03-09 09:00:00', '吴十', '刘阿姨', '加菲'),
(15, 'pickup', '2024-03-11 09:00:00', '吴十', '张叔叔', '柴犬');

INSERT OR IGNORE INTO notification (user_id, type, title, content, link_url, read_status, create_time) VALUES
(1, 'system', '系统更新', '系统已更新', '/', 1, '2024-01-15 00:00:00'),
(1, 'application', '新申请', '待审核', '/foster-application', 1, '2024-02-28 00:00:00'),
(1, 'application', '新申请', '待审核', '/foster-application', 1, '2024-03-04 00:00:00'),
(1, 'application', '新申请', '待审核', '/foster-application', 0, '2024-03-14 00:00:00'),
(1, 'application', '新申请', '待审核', '/foster-application', 0, '2024-03-15 00:00:00'),
(2, 'application', '申请通过', '通过', '/foster-application', 1, '2024-02-28 00:00:00'),
(2, 'application', '寄养完成', '完成', '/foster-application', 1, '2024-03-08 00:00:00'),
(3, 'application', '新申请', '收到', '/foster-application', 1, '2024-02-28 00:00:00'),
(3, 'application', '寄养完成', '完成', '/foster-application', 1, '2024-03-08 00:00:00'),
(4, 'application', '申请通过', '通过', '/foster-application', 1, '2024-03-04 00:00:00'),
(4, 'application', '新申请', '花花', '/foster-application', 0, '2024-03-07 00:00:00'),
(5, 'application', '申请通过', '通过', '/foster-application', 0, '2024-03-09 00:00:00'),
(5, 'application', '新申请', '小白', '/foster-application', 0, '2024-03-11 00:00:00'),
(6, 'application', '审核中', '审核中', '/foster-application', 0, '2024-03-12 00:00:00'),
(6, 'application', '新申请', '布丁', '/foster-application', 0, '2024-03-13 00:00:00'),
(7, 'application', '审核中', '审核中', '/foster-application', 0, '2024-03-14 00:00:00'),
(7, 'application', '新申请', '薯条', '/foster-application', 0, '2024-03-15 00:00:00'),
(8, 'application', '新申请', '雪球', '/foster-application', 0, '2024-03-15 00:00:00'),
(9, 'application', '申请通过', '通过', '/foster-application', 1, '2024-03-02 00:00:00'),
(9, 'application', '新申请', '团团', '/foster-application', 1, '2024-03-05 00:00:00'),
(10, 'application', '寄养中', '芒果', '/foster-application', 0, '2024-03-09 00:00:00'),
(10, 'application', '寄养中', '西瓜', '/foster-application', 0, '2024-03-11 00:00:00'),
(11, 'application', '新申请', '收到', '/foster-application', 0, '2024-03-07 00:00:00'),
(12, 'application', '新申请', '收到', '/foster-application', 0, '2024-03-09 00:00:00'),
(13, 'application', '新申请', '收到', '/foster-application', 0, '2024-03-11 00:00:00'),
(14, 'application', '新申请', '收到', '/foster-application', 0, '2024-03-13 00:00:00');